term_id	term	Binom_Genome_Fraction	Binom_Expected	observed_genes	fold_enrichment	Binom_Region_Set_Coverage	pval	fdr	Hyper_Total_Genes	Hyper_Expected	Hyper_Observed_Gene_Hits	Hyper_Fold_Enrichment	Hyper_Gene_Set_Coverage	Hyper_Term_Gene_Coverage	Hyper_Raw_PValue	Hyper_Adjp_BH
GO:0045259	proton-transporting ATP synthase complex	0.0009270785	35.27626	112	3.174939	0.002943418	6.771078000000001e-25	2.9251056960000003e-23	24	15.77249	18	1.141228	0.001458671	0.75	0.2322012	0.659940252631579
GO:0005753	mitochondrial proton-transporting ATP synthase complex	0.0008973751	34.14602	107	3.133601	0.002812015	1.920417e-23	7.214088208695654e-22	23	15.1153	17	1.124688	0.001377634	0.7391304	0.2769094	0.6654368564450475
GO:0098799	outer mitochondrial membrane protein complex	0.0006256334	23.80598	85	3.570532	0.002233844	2.231316e-22	7.414834707692309e-21	15	9.857805	11	1.115867	0.00089141	0.7333333	0.3739802	0.7669444015936254
GO:0005742	mitochondrial outer membrane translocase complex	0.0005012303	19.07231	73	3.827538	0.001918478	4.451192e-21	1.3984835956363637e-19	11	7.229057	8	1.106645	0.0006482982	0.7272727	0.4456089	0.7669444015936254
GO:0005757	mitochondrial permeability transition pore complex	0.0002029598	7.722822	43	5.567913	0.001130062	1.305238e-18	3.637824619354839e-17	4	2.628748	3	1.141228	0.0002431118	0.75	0.5757419	0.8726363065648856
GO:0008537	proteasome activator complex	9.025843e-06	0.3434424	14	40.76375	0.0003679273	2.639045e-18	7.1254215e-17	3	1.971561	3	1.521637	0.0002431118	1.0	0.2838119	0.6654368564450475
GO:1990730	VCP-NSFL1C complex	6.148058e-05	2.339397	24	10.25905	0.0006307324	1.229505e-16	3.0791081739130435e-15	2	1.314374	2	1.521637	0.0001620746	1.0	0.4318827	0.7669444015936254
GO:0046930	pore complex	0.001290968	49.12262	117	2.381795	0.003074821	1.423178e-16	3.513216548571429e-15	18	11.82937	14	1.183495	0.001134522	0.7777778	0.2061062	0.6016072864864864
GO:0035102	PRC1 complex	0.0004287161	16.31308	59	3.61673	0.001550551	2.751061e-16	6.6955400112676055e-15	12	7.886244	9	1.141228	0.0007293355	0.75	0.3662928	0.7669444015936254
GO:0005762	mitochondrial large ribosomal subunit	0.001881872	71.6071	148	2.066834	0.003889517	1.88831e-15	4.4698625753424664e-14	51	33.51654	40	1.193441	0.003241491	0.7843137	0.03507179	0.1787730180530973
GO:0070557	PCNA-p21 complex	3.779246e-05	1.438041	19	13.21242	0.0004993298	2.082777e-15	4.863565751351351e-14	2	1.314374	2	1.521637	0.0001620746	1.0	0.4318827	0.7669444015936254
GO:0031306	intrinsic component of mitochondrial outer membrane	0.001208065	45.96808	106	2.305948	0.002785735	2.621352e-14	5.733792729113924e-13	23	15.1153	19	1.257004	0.001539708	0.826087	0.06326897	0.2767817219240506
GO:0031307	integral component of mitochondrial outer membrane	0.001181271	44.94853	104	2.313758	0.002733174	3.709678e-14	7.913979733333333e-13	22	14.45811	18	1.244976	0.001458671	0.8181818	0.08136961	0.3285202945794392
GO:0035976	transcription factor AP-1 complex	0.0003156216	12.00972	46	3.830231	0.001208904	6.650259e-14	1.36805328e-12	5	3.285935	5	1.521637	0.0004051864	1.0	0.122553	0.4269588387096774
GO:0034364	high-density lipoprotein particle	0.001072381	40.80517	95	2.328136	0.002496649	3.189454e-13	6.12375168e-12	27	17.74405	21	1.183495	0.001701783	0.7777778	0.1302309	0.4412529317647059
GO:0048476	Holliday junction resolvase complex	5.901673e-05	2.245645	20	8.906125	0.0005256104	5.158919e-13	9.585604335483872e-12	5	3.285935	5	1.521637	0.0004051864	1.0	0.122553	0.4269588387096774
GO:0030014	CCR4-NOT complex	0.001073524	40.84866	94	2.301177	0.002470369	7.935554e-13	1.4587912034042555e-11	16	10.51499	14	1.331432	0.001134522	0.875	0.05077593	0.2364981321832884
GO:0034998	oligosaccharyltransferase I complex	1.496489e-05	0.5694291	12	21.07374	0.0003153662	1.433323e-12	2.6071390989473683e-11	1	0.657187	1	1.521637	8.103728e-05	1.0	0.657187	0.8726363065648856
GO:0005869	dynactin complex	0.000199136	7.577324	34	4.487072	0.0008935376	1.752984e-12	3.1228416e-11	9	5.914683	7	1.183495	0.0005672609	0.7777778	0.3541674	0.7611956059701493
GO:0042568	insulin-like growth factor binary complex	1.653314e-05	0.6291025	12	19.07479	0.0003153662	4.486327e-12	7.600365741176469e-11	1	0.657187	1	1.521637	8.103728e-05	1.0	0.657187	0.8726363065648856
GO:0099078	BORC complex	0.00013149	5.003326	27	5.39641	0.000709574	5.652398e-12	9.391676676923076e-11	8	5.257496	8	1.521637	0.0006482982	1.0	0.03476752	0.1777463744378698
GO:0002944	cyclin K-CDK12 complex	9.438584e-05	3.591476	23	6.404053	0.0006044519	7.359436e-12	1.1885145241121495e-10	2	1.314374	2	1.521637	0.0001620746	1.0	0.4318827	0.7669444015936254
GO:1990604	IRE1-TRAF2-ASK1 complex	0.0002252607	8.571396	35	4.083349	0.0009198181	1.079384e-11	1.7111702311926607e-10	4	2.628748	3	1.141228	0.0002431118	0.75	0.5757419	0.8726363065648856
GO:0005689	U12-type spliceosomal complex	0.001180817	44.93128	97	2.158853	0.00254921	1.118496e-11	1.7570555345454543e-10	26	17.08686	21	1.229014	0.001701783	0.8076923	0.07480803	0.3152227641646489
GO:0031588	nucleotide-activated protein kinase complex	0.0006202918	23.60272	63	2.669184	0.001655673	1.373174e-11	2.1376979027027028e-10	10	6.57187	9	1.369473	0.0007293355	0.9	0.09335748	0.3569064722123894
GO:0043626	PCNA complex	4.608746e-06	0.1753674	8	45.61852	0.0002102441	1.897284e-11	2.875883115789474e-10	1	0.657187	1	1.521637	8.103728e-05	1.0	0.657187	0.8726363065648856
GO:0071817	MMXD complex	0.0001137593	4.328656	24	5.544446	0.0006307324	4.78191e-11	6.718000390243903e-10	5	3.285935	5	1.521637	0.0004051864	1.0	0.122553	0.4269588387096774
GO:0017109	glutamate-cysteine ligase complex	0.0001860161	7.078099	30	4.238426	0.0007884155	1.283452e-10	1.7601627428571427e-09	2	1.314374	2	1.521637	0.0001620746	1.0	0.4318827	0.7669444015936254
GO:0048500	signal recognition particle	0.00036989	14.07469	44	3.12618	0.001156343	1.413066e-10	1.9076391e-09	10	6.57187	8	1.21731	0.0006482982	0.8	0.2773612	0.6654368564450475
GO:0030137	COPI-coated vesicle	0.001301985	49.54184	100	2.018496	0.002628052	1.932261e-10	2.5684207753846158e-09	23	15.1153	23	1.521637	0.001863857	1.0	6.364883e-05	0.0007585184706206897
GO:0002199	zona pellucida receptor complex	0.0001608527	6.120605	27	4.411328	0.000709574	4.48661e-10	5.829219609022556e-09	9	5.914683	7	1.183495	0.0005672609	0.7777778	0.3541674	0.7611956059701493
GO:0005677	chromatin silencing complex	0.0003560917	13.54965	42	3.099712	0.001103782	4.641086e-10	5.9849228417910444e-09	8	5.257496	7	1.331432	0.0005672609	0.875	0.179938	0.5490212197614992
GO:0045261	proton-transporting ATP synthase complex, catalytic core F(1)	6.12988e-05	2.332481	17	7.288377	0.0004467688	5.590887e-10	7.15633536e-09	6	3.943122	4	1.014425	0.0003241491	0.6666667	0.6615472	0.8726363065648856
GO:0036020	endolysosome membrane	0.0006553113	24.93525	61	2.446336	0.001603112	7.656261e-10	9.382992204255321e-09	14	9.200618	12	1.30426	0.0009724473	0.8571429	0.09260157	0.3569064722123894
GO:0097132	cyclin D2-CDK6 complex	0.0001775652	6.756534	28	4.144137	0.0007358545	8.418467e-10	1.0172804878321678e-08	1	0.657187	1	1.521637	8.103728e-05	1.0	0.657187	0.8726363065648856
GO:0031095	platelet dense tubular network membrane	0.0007610115	28.95725	67	2.313756	0.001760795	1.06983e-09	1.2662097534246577e-08	9	5.914683	8	1.352566	0.0006482982	0.8888889	0.1301582	0.4412529317647059
GO:0042719	mitochondrial intermembrane space protein transporter complex	0.0001023357	3.893974	21	5.392948	0.0005518909	1.204889e-09	1.4163593142857144e-08	5	3.285935	5	1.521637	0.0004051864	1.0	0.122553	0.4269588387096774
GO:0005786	signal recognition particle, endoplasmic reticulum targeting	0.0002451384	9.32776	33	3.537827	0.0008672571	1.404243e-09	1.6395485837837837e-08	7	4.600309	6	1.30426	0.0004862237	0.8571429	0.2462205	0.6654368564450475
GO:0005915	zonula adherens	0.0005854298	22.27619	56	2.513895	0.001471709	1.441164e-09	1.6713633503355704e-08	8	5.257496	8	1.521637	0.0006482982	1.0	0.03476752	0.1777463744378698
GO:0097543	ciliary inversin compartment	5.17552e-06	0.1969337	7	35.54495	0.0001839636	1.918011e-09	2.1382729083870972e-08	1	0.657187	1	1.521637	8.103728e-05	1.0	0.657187	0.8726363065648856
GO:0035859	Seh1-associated complex	0.0008600551	32.72596	72	2.200088	0.001892197	2.081815e-09	2.3060104615384613e-08	15	9.857805	12	1.21731	0.0009724473	0.8	0.1877593	0.5499119837288136
GO:0031501	mannosyltransferase complex	7.755281e-05	2.950962	18	6.099706	0.0004730493	2.772002e-09	3.0316578835443046e-08	4	2.628748	4	1.521637	0.0003241491	1.0	0.186502	0.5490212197614992
GO:0097361	CIA complex	4.406817e-05	1.676838	14	8.349047	0.0003679273	3.345711e-09	3.5687583999999995e-08	4	2.628748	4	1.521637	0.0003241491	1.0	0.186502	0.5490212197614992
GO:0048188	Set1C/COMPASS complex	0.0004121714	15.68354	44	2.80549	0.001156343	3.489092e-09	3.6763115707317076e-08	13	8.543431	10	1.17049	0.0008103728	0.7692308	0.2967928	0.6908881227456258
GO:0071682	endocytic vesicle lumen	0.0009690634	36.87383	77	2.088202	0.0020236	5.320576e-09	5.5385273060240964e-08	19	12.48655	14	1.121206	0.001134522	0.7368421	0.3198398	0.7304431654383736
GO:0005666	DNA-directed RNA polymerase III complex	0.0005435719	20.68346	52	2.514087	0.001366587	5.361205e-09	5.547402538922156e-08	19	12.48655	16	1.281378	0.001296596	0.8421053	0.06690402	0.2883046048877805
GO:0036019	endolysosome	0.001013177	38.55238	79	2.04916	0.002076161	7.503257e-09	7.671969287573967e-08	20	13.14374	17	1.293391	0.001377634	0.85	0.05071046	0.2364981321832884
GO:0034709	methylosome	0.0004093066	15.57452	43	2.760919	0.001130062	8.157492e-09	8.291850691764705e-08	12	7.886244	11	1.394834	0.00089141	0.9166667	0.04706738	0.2246752282872928
GO:0031094	platelet dense tubular network	0.0008395913	31.94729	69	2.159808	0.001813356	8.932748e-09	8.922421123699422e-08	11	7.229057	9	1.244976	0.0007293355	0.8181818	0.2142683	0.6170927039999999
GO:0030056	hemidesmosome	0.0006581077	25.04166	58	2.316141	0.00152427	1.276158e-08	1.2446890786516857e-07	7	4.600309	7	1.521637	0.0005672609	1.0	0.05291383	0.2374937616623376
GO:1990332	Ire1 complex	8.053748e-05	3.064532	17	5.54734	0.0004467688	2.919452e-08	2.75672844590164e-07	1	0.657187	1	1.521637	8.103728e-05	1.0	0.657187	0.8726363065648856
GO:0000137	Golgi cis cisterna	0.0002934807	11.16723	34	3.044622	0.0008935376	2.96221e-08	2.781901565217392e-07	7	4.600309	5	1.086884	0.0004051864	0.7142857	0.5488038	0.8726363065648856
GO:0005686	U2 snRNP	0.0008005778	30.46279	65	2.133751	0.001708234	3.601845e-08	3.328335914438503e-07	19	12.48655	14	1.121206	0.001134522	0.7368421	0.3198398	0.7304431654383736
GO:0031465	Cul4B-RING E3 ubiquitin ligase complex	0.000228625	8.699409	29	3.33356	0.000762135	4.621746e-08	4.248072919148937e-07	5	3.285935	5	1.521637	0.0004051864	1.0	0.122553	0.4269588387096774
GO:0030906	retromer, cargo-selective complex	7.329332e-05	2.788884	16	5.737062	0.0004204883	4.688871e-08	4.286967771428571e-07	4	2.628748	4	1.521637	0.0003241491	1.0	0.186502	0.5490212197614992
GO:0061700	GATOR2 complex	0.0007078535	26.93453	59	2.190496	0.001550551	6.270032e-08	5.643028799999999e-07	11	7.229057	8	1.106645	0.0006482982	0.7272727	0.4456089	0.7669444015936254
GO:0019773	proteasome core complex, alpha-subunit complex	0.0003215845	12.23661	35	2.860269	0.0009198181	8.20743e-08	7.310535587628866e-07	9	5.914683	7	1.183495	0.0005672609	0.7777778	0.3541674	0.7611956059701493
GO:0071062	alphav-beta3 integrin-vitronectin complex	4.292952e-05	1.633511	12	7.346139	0.0003153662	1.678197e-07	1.4720428507614213e-06	3	1.971561	3	1.521637	0.0002431118	1.0	0.2838119	0.6654368564450475
GO:0070552	BRISC complex	0.0001499042	5.704006	22	3.856939	0.0005781714	1.692198e-07	1.4768273454545452e-06	5	3.285935	5	1.521637	0.0004051864	1.0	0.122553	0.4269588387096774
GO:1990617	CHOP-ATF4 complex	2.126137e-05	0.8090163	9	11.12462	0.0002365247	1.979258e-07	1.701571056716418e-06	2	1.314374	2	1.521637	0.0001620746	1.0	0.4318827	0.7669444015936254
GO:0000275	mitochondrial proton-transporting ATP synthase complex, catalytic core F(1)	5.241661e-05	1.994504	13	6.51791	0.0003416467	2.007787e-07	1.7161287251231527e-06	5	3.285935	3	0.9129822	0.0002431118	0.6	0.7759082	0.9666686154289834
GO:1990630	IRE1-RACK1-PP2A complex	9.273386e-05	3.528616	17	4.817753	0.0004467688	2.080873e-07	1.7626218352941178e-06	2	1.314374	1	0.7608185	8.103728e-05	0.5	0.8824912	1.0
GO:0030124	AP-4 adaptor complex	0.0001806551	6.874106	24	3.491363	0.0006307324	2.82407e-07	2.3574845217391302e-06	5	3.285935	5	1.521637	0.0004051864	1.0	0.122553	0.4269588387096774
GO:1990913	sperm head plasma membrane	1.08688e-05	0.4135686	7	16.92585	0.0001839636	2.860831e-07	2.3653186449760766e-06	1	0.657187	1	1.521637	8.103728e-05	1.0	0.657187	0.8726363065648856
GO:1990917	ooplasm	1.08688e-05	0.4135686	7	16.92585	0.0001839636	2.860831e-07	2.3653186449760766e-06	1	0.657187	1	1.521637	8.103728e-05	1.0	0.657187	0.8726363065648856
GO:0032156	septin cytoskeleton	0.0006554481	24.94046	54	2.165157	0.001419148	3.095178e-07	2.5468893257142854e-06	7	4.600309	6	1.30426	0.0004862237	0.8571429	0.2462205	0.6654368564450475
GO:0000805	X chromosome	0.0006730655	25.61081	54	2.108484	0.001419148	6.778052e-07	5.4224416e-06	9	5.914683	9	1.521637	0.0007293355	1.0	0.02284368	0.1302768285148514
GO:1990498	mitotic spindle microtubule	8.993266e-05	3.422028	16	4.67559	0.0004204883	6.871775e-07	5.472086267281106e-06	2	1.314374	2	1.521637	0.0001620746	1.0	0.4318827	0.7669444015936254
GO:0032996	Bcl3-Bcl10 complex	2.475358e-05	0.9418986	9	9.555169	0.0002365247	6.909317e-07	5.476743016513762e-06	1	0.657187	1	1.521637	8.103728e-05	1.0	0.657187	0.8726363065648856
GO:0070381	endosome to plasma membrane transport vesicle	0.0001903651	7.243583	24	3.313277	0.0006307324	6.994865e-07	5.519235945205479e-06	2	1.314374	2	1.521637	0.0001620746	1.0	0.4318827	0.7669444015936254
GO:0000138	Golgi trans cisterna	0.0004022949	15.30772	38	2.482407	0.0009986597	7.403063e-07	5.814769483636363e-06	7	4.600309	7	1.521637	0.0005672609	1.0	0.05291383	0.2374937616623376
GO:0033256	I-kappaB/NF-kappaB complex	0.0004376722	16.65387	40	2.401845	0.001051221	8.612127e-07	6.646293e-06	7	4.600309	7	1.521637	0.0005672609	1.0	0.05291383	0.2374937616623376
GO:0033257	Bcl3/NF-kappaB2 complex	8.203765e-05	3.121615	15	4.805206	0.0003942078	1.085375e-06	8.262237885462554e-06	2	1.314374	2	1.521637	0.0001620746	1.0	0.4318827	0.7669444015936254
GO:0008091	spectrin	0.0005133879	19.53492	44	2.252377	0.001156343	1.336607e-06	1.0085837973799126e-05	8	5.257496	6	1.141228	0.0004862237	0.75	0.4450679	0.7669444015936254
GO:0005839	proteasome core complex	0.0007287384	27.72922	56	2.01953	0.001471709	1.544397e-06	1.1552891844155843e-05	24	15.77249	17	1.077826	0.001377634	0.7083333	0.3854865	0.7669444015936254
GO:0097422	tubular endosome	0.0001735008	6.601878	22	3.332385	0.0005781714	1.809971e-06	1.3423304240343347e-05	5	3.285935	5	1.521637	0.0004051864	1.0	0.122553	0.4269588387096774
GO:0071001	U4/U6 snRNP	7.484386e-05	2.847884	14	4.915931	0.0003679273	1.885637e-06	1.3865449940425531e-05	3	1.971561	3	1.521637	0.0002431118	1.0	0.2838119	0.6654368564450475
GO:0031105	septin complex	0.0006095064	23.19233	49	2.112768	0.001287745	2.025772e-06	1.4770185721518984e-05	6	3.943122	5	1.268031	0.0004051864	0.8333333	0.3326729	0.7304431654383736
GO:0008024	cyclin/CDK positive transcription elongation factor complex	0.0004371364	16.63348	39	2.344669	0.00102494	2.044873e-06	1.484680900840336e-05	8	5.257496	7	1.331432	0.0005672609	0.875	0.179938	0.5490212197614992
GO:0036266	Cdc48p-Npl4p-Vms1p AAA ATPase complex	5.34368e-06	0.2033324	5	24.59028	0.0001314026	2.445336e-06	1.7533363518672198e-05	1	0.657187	1	1.521637	8.103728e-05	1.0	0.657187	0.8726363065648856
GO:0070931	Golgi-associated vesicle lumen	2.904643e-05	1.105246	9	8.142985	0.0002365247	2.519598e-06	1.7991179107438015e-05	1	0.657187	1	1.521637	8.103728e-05	1.0	0.657187	0.8726363065648856
GO:0098999	extrinsic component of postsynaptic endosome membrane	9.717887e-06	0.3697753	6	16.22607	0.0001576831	2.587966e-06	1.8403313777777774e-05	1	0.657187	1	1.521637	8.103728e-05	1.0	0.657187	0.8726363065648856
GO:0005967	mitochondrial pyruvate dehydrogenase complex	0.0001789462	6.809083	22	3.230978	0.0005781714	2.939464e-06	2.0732219559183677e-05	3	1.971561	3	1.521637	0.0002431118	1.0	0.2838119	0.6654368564450475
GO:0043190	ATP-binding cassette (ABC) transporter complex	0.0001520304	5.784909	20	3.457272	0.0005256104	3.045434e-06	2.130570830769231e-05	8	5.257496	6	1.141228	0.0004862237	0.75	0.4450679	0.7669444015936254
GO:0034098	VCP-NPL4-UFD1 AAA ATPase complex	0.0005527513	21.03274	45	2.139522	0.001182623	3.752121e-06	2.5728829714285716e-05	10	6.57187	10	1.521637	0.0008103728	1.0	0.01500881	0.0939682017391304
GO:0034515	proteasome storage granule	5.818784e-05	2.214105	12	5.419796	0.0003153662	3.800334e-06	2.595643143083004e-05	2	1.314374	2	1.521637	0.0001620746	1.0	0.4318827	0.7669444015936254
GO:0097444	spine apparatus	4.996127e-05	1.901076	11	5.786196	0.0002890857	5.194819e-06	3.506502825e-05	1	0.657187	1	1.521637	8.103728e-05	1.0	0.657187	0.8726363065648856
GO:0034663	endoplasmic reticulum chaperone complex	0.000388757	14.79259	35	2.366049	0.0009198181	5.436328e-06	3.6552431066147856e-05	11	7.229057	9	1.244976	0.0007293355	0.8181818	0.2142683	0.6170927039999999
GO:0005691	U6atac snRNP	1.709004e-05	0.6502932	7	10.76438	0.0001839636	5.53572e-06	3.707645023255814e-05	1	0.657187	1	1.521637	8.103728e-05	1.0	0.657187	0.8726363065648856
GO:0005618	cell wall	6.453061e-06	0.2455454	5	20.36283	0.0001314026	6.064188e-06	4.045913847104247e-05	1	0.657187	1	1.521637	8.103728e-05	1.0	0.657187	0.8726363065648856
GO:0005712	chiasma	8.360419e-05	3.181223	14	4.400823	0.0003679273	6.537072e-06	4.3446386215384615e-05	2	1.314374	2	1.521637	0.0001620746	1.0	0.4318827	0.7669444015936254
GO:0042587	glycogen granule	0.0003786568	14.40827	34	2.359756	0.0008935376	7.728069e-06	5.116514648275862e-05	5	3.285935	4	1.21731	0.0003241491	0.8	0.4422977	0.7669444015936254
GO:0097513	myosin II filament	0.000236279	8.990651	25	2.780666	0.000657013	8.478289e-06	5.591787554198473e-05	3	1.971561	3	1.521637	0.0002431118	1.0	0.2838119	0.6654368564450475
GO:0008540	proteasome regulatory particle, base subcomplex	0.0003644174	13.86644	33	2.379846	0.0008672571	8.794558e-06	5.778325560456274e-05	12	7.886244	12	1.521637	0.0009724473	1.0	0.006478444	0.0460689351111111
GO:0000220	vacuolar proton-transporting V-type ATPase, V0 domain	0.0001646111	6.263617	20	3.193043	0.0005256104	9.542201e-06	6.222235218113208e-05	6	3.943122	5	1.268031	0.0004051864	0.8333333	0.3326729	0.7304431654383736
GO:0035517	PR-DUB complex	0.0001372715	5.223316	18	3.446087	0.0004730493	9.640136e-06	6.262464288721805e-05	2	1.314374	2	1.521637	0.0001620746	1.0	0.4318827	0.7669444015936254
GO:0001940	male pronucleus	0.0003355466	12.76788	31	2.427967	0.0008146961	1.10574e-05	7.129547462686567e-05	6	3.943122	5	1.268031	0.0004051864	0.8333333	0.3326729	0.7304431654383736
GO:0072487	MSL complex	0.0002718826	10.34541	27	2.609854	0.000709574	1.154346e-05	7.387814400000001e-05	4	2.628748	4	1.521637	0.0003241491	1.0	0.186502	0.5490212197614992
GO:0009328	phenylalanine-tRNA ligase complex	8.963107e-05	3.410552	14	4.104908	0.0003679273	1.403479e-05	8.851137635036497e-05	3	1.971561	3	1.521637	0.0002431118	1.0	0.2838119	0.6654368564450475
GO:0042382	paraspeckles	0.0003343814	12.72355	30	2.357833	0.0007884155	2.574604e-05	0.0001577629685106383	6	3.943122	6	1.521637	0.0004862237	1.0	0.08052907	0.3268835290140845
GO:0033061	DNA recombinase mediator complex	0.0005645991	21.48356	43	2.00153	0.001130062	2.816623e-05	0.0001713776247887324	7	4.600309	7	1.521637	0.0005672609	1.0	0.05291383	0.2374937616623376
GO:0036053	glomerular endothelium fenestra	0.0001668884	6.350271	19	2.991998	0.0004993298	3.72431e-05	0.0002234586	1	0.657187	1	1.521637	8.103728e-05	1.0	0.657187	0.8726363065648856
GO:0032021	NELF complex	0.0001113435	4.23673	15	3.540466	0.0003942078	3.792403e-05	0.00022675682989619375	4	2.628748	3	1.141228	0.0002431118	0.75	0.5757419	0.8726363065648856
GO:0016281	eukaryotic translation initiation factor 4F complex	0.0004860897	18.4962	38	2.054476	0.0009986597	4.645759e-05	0.0002758718746391753	9	5.914683	9	1.521637	0.0007293355	1.0	0.02284368	0.1302768285148514
GO:0005638	lamin filament	0.0002006382	7.634485	21	2.750677	0.0005518909	4.940089e-05	0.00029035625142857145	4	2.628748	4	1.521637	0.0003241491	1.0	0.186502	0.5490212197614992
GO:0030896	checkpoint clamp complex	0.0001871871	7.122656	20	2.807941	0.0005256104	5.593809e-05	0.0003265574983783784	6	3.943122	4	1.014425	0.0003241491	0.6666667	0.6615472	0.8726363065648856
GO:0000243	commitment complex	0.000235846	8.974175	23	2.56291	0.0006044519	6.392747e-05	0.0003719416436363637	8	5.257496	7	1.331432	0.0005672609	0.875	0.179938	0.5490212197614992
GO:0033185	dolichol-phosphate-mannose synthase complex	3.511211e-05	1.336051	8	5.987795	0.0002102441	7.74742e-05	0.000446251392	3	1.971561	3	1.521637	0.0002431118	1.0	0.2838119	0.6654368564450475
GO:0071986	Ragulator complex	0.0001471258	5.598285	17	3.036644	0.0004467688	7.78841e-05	0.0004471220093023256	6	3.943122	5	1.268031	0.0004051864	0.8333333	0.3326729	0.7304431654383736
GO:0031616	spindle pole centrosome	0.0002896712	11.02228	26	2.358859	0.0006832935	8.444381e-05	0.00047842263501639336	12	7.886244	7	0.8876216	0.0005672609	0.5833333	0.8028263	0.9958965157214644
GO:0005850	eukaryotic translation initiation factor 2 complex	0.0002094258	7.96886	21	2.635258	0.0005518909	8.894067e-05	0.0004989918109090909	4	2.628748	4	1.521637	0.0003241491	1.0	0.186502	0.5490212197614992
GO:0070876	SOSS complex	0.0003249797	12.3658	28	2.264309	0.0007358545	9.13341e-05	0.0005107615689320388	4	2.628748	4	1.521637	0.0003241491	1.0	0.186502	0.5490212197614992
GO:0008352	katanin complex	3.61592e-05	1.375894	8	5.814403	0.0002102441	9.465188e-05	0.0005276078988387098	1	0.657187	1	1.521637	8.103728e-05	1.0	0.657187	0.8726363065648856
GO:0020018	ciliary pocket membrane	0.0001076674	4.096854	14	3.417257	0.0003679273	9.754378e-05	0.0005368014389808917	3	1.971561	3	1.521637	0.0002431118	1.0	0.2838119	0.6654368564450475
GO:0034366	spherical high-density lipoprotein particle	0.000326551	12.42559	28	2.253414	0.0007358545	9.880592e-05	0.0005420210468571428	8	5.257496	6	1.141228	0.0004862237	0.75	0.4450679	0.7669444015936254
GO:1990682	CSF1-CSF1R complex	0.0001223249	4.654586	15	3.222628	0.0003942078	0.0001059497	0.0005775428441640378	2	1.314374	2	1.521637	0.0001620746	1.0	0.4318827	0.7669444015936254
GO:1990597	AIP1-IRE1 complex	0.0003482236	13.25026	29	2.188637	0.000762135	0.0001223086	0.00066046644	3	1.971561	3	1.521637	0.0002431118	1.0	0.2838119	0.6654368564450475
GO:0031931	TORC1 complex	0.0004024141	15.31226	32	2.089829	0.0008409766	0.0001293983	0.0006944107527950311	7	4.600309	6	1.30426	0.0004862237	0.8571429	0.2462205	0.6654368564450475
GO:0098875	epididymosome	1.305522e-05	0.4967641	5	10.06514	0.0001314026	0.0001670269	0.0008719712483383686	1	0.657187	1	1.521637	8.103728e-05	1.0	0.657187	0.8726363065648856
GO:1990622	CHOP-ATF3 complex	7.396664e-05	2.814505	11	3.908325	0.0002890857	0.0001709299	0.0008816921408955225	2	1.314374	2	1.521637	0.0001620746	1.0	0.4318827	0.7669444015936254
GO:0097451	glial limiting end-foot	0.0001581747	6.018706	17	2.824527	0.0004467688	0.0001809556	0.0009251221207100591	3	1.971561	3	1.521637	0.0002431118	1.0	0.2838119	0.6654368564450475
GO:0072357	PTW/PP1 phosphatase complex	0.0003766845	14.33322	30	2.093039	0.0007884155	0.0002000738	0.0010168456658823	7	4.600309	5	1.086884	0.0004051864	0.7142857	0.5488038	0.8726363065648856
GO:0001939	female pronucleus	0.000432606	16.46109	33	2.004728	0.0008672571	0.0002147423	0.0010850137263157	8	5.257496	6	1.141228	0.0004862237	0.75	0.4450679	0.7669444015936254
GO:0043260	laminin-11 complex	0.0001166633	4.439156	14	3.153753	0.0003679273	0.0002195369	0.0011060051405247	3	1.971561	3	1.521637	0.0002431118	1.0	0.2838119	0.6654368564450475
GO:1990429	peroxisomal importomer complex	0.0001178827	4.485553	14	3.121131	0.0003679273	0.0002434283	0.0011984162461538	2	1.314374	2	1.521637	0.0001620746	1.0	0.4318827	0.7669444015936254
GO:0033553	rDNA heterochromatin	0.000210911	8.025373	20	2.492096	0.0005256104	0.000262725	0.0012824542372881	5	3.285935	3	0.9129822	0.0002431118	0.6	0.7759082	0.9666686154289834
GO:0000214	tRNA-intron endonuclease complex	7.82823e-05	2.97872	11	3.692862	0.0002890857	0.0002753074	0.0013351505747899	4	2.628748	3	1.141228	0.0002431118	0.75	0.5757419	0.8726363065648856
GO:0030478	actin cap	0.0003320469	12.63472	27	2.136969	0.000709574	0.0002942821	0.0014204454435754	4	2.628748	4	1.521637	0.0003241491	1.0	0.186502	0.5490212197614992
GO:0030061	mitochondrial crista	0.0003690169	14.04146	29	2.065312	0.000762135	0.0003117227	0.0015004368401114	5	3.285935	4	1.21731	0.0003241491	0.8	0.4422977	0.7669444015936254
GO:0071665	gamma-catenin-TCF7L2 complex	2.324491e-05	0.884492	6	6.783555	0.0001576831	0.000313458	0.0015010567955801	1	0.657187	1	1.521637	8.103728e-05	1.0	0.657187	0.8726363065648856
GO:0070436	Grb2-EGFR complex	0.0001507093	5.734639	16	2.790062	0.0004204883	0.0003144575	0.0015010567955801	2	1.314374	2	1.521637	0.0001620746	1.0	0.4318827	0.7669444015936254
GO:0005683	U7 snRNP	0.0002816216	10.71598	24	2.239645	0.0006307324	0.0003221798	0.0015294689406593	7	4.600309	6	1.30426	0.0004862237	0.8571429	0.2462205	0.6654368564450475
GO:0097450	astrocyte end-foot	0.0001851345	7.044551	18	2.555166	0.0004730493	0.00038863	0.0018004092225201	5	3.285935	4	1.21731	0.0003241491	0.8	0.4422977	0.7669444015936254
GO:0031510	SUMO activating enzyme complex	0.0001393609	5.30282	15	2.828684	0.0003942078	0.0004139286	0.0018922450285714	3	1.971561	3	1.521637	0.0002431118	1.0	0.2838119	0.6654368564450475
GO:0016602	CCAAT-binding factor complex	0.0001864535	7.094743	18	2.53709	0.0004730493	0.00042163	0.0019223658047493	4	2.628748	4	1.521637	0.0003241491	1.0	0.186502	0.5490212197614992
GO:0097356	perinucleolar compartment	3.536878e-05	1.345817	7	5.2013	0.0001839636	0.0004943281	0.0022072324465116	1	0.657187	1	1.521637	8.103728e-05	1.0	0.657187	0.8726363065648856
GO:0016533	cyclin-dependent protein kinase 5 holoenzyme complex	0.0001894443	7.208546	18	2.497036	0.0004730493	0.0005055496	0.0022515198680412	3	1.971561	3	1.521637	0.0002431118	1.0	0.2838119	0.6654368564450475
GO:0043625	delta DNA polymerase complex	0.000127271	4.84279	14	2.890896	0.0003679273	0.0005142389	0.0022843311547557	5	3.285935	4	1.21731	0.0003241491	0.8	0.4422977	0.7669444015936254
GO:0031084	BLOC-2 complex	8.459069e-05	3.21876	11	3.417465	0.0002890857	0.0005209947	0.002302503431202	3	1.971561	3	1.521637	0.0002431118	1.0	0.2838119	0.6654368564450475
GO:0016507	mitochondrial fatty acid beta-oxidation multienzyme complex	2.574689e-05	0.9796948	6	6.124357	0.0001576831	0.0005342709	0.002355153355102	1	0.657187	1	1.521637	8.103728e-05	1.0	0.657187	0.8726363065648856
GO:0005851	eukaryotic translation initiation factor 2B complex	0.0001587091	6.039042	16	2.649427	0.0004204883	0.0005442582	0.0023930742229007	6	3.943122	4	1.014425	0.0003241491	0.6666667	0.6615472	0.8726363065648856
GO:1990879	CST complex	5.907119e-05	2.247718	9	4.004061	0.0002365247	0.0005458642	0.0023940440040609	3	1.971561	3	1.521637	0.0002431118	1.0	0.2838119	0.6654368564450475
GO:0005826	actomyosin contractile ring	0.0003462595	13.17552	27	2.049255	0.000709574	0.0005491043	0.0024021575453164	4	2.628748	4	1.521637	0.0003241491	1.0	0.186502	0.5490212197614992
GO:0036488	CHOP-C/EBP complex	0.0001287828	4.900313	14	2.85696	0.0003679273	0.0005757974	0.0025062415798488	2	1.314374	2	1.521637	0.0001620746	1.0	0.4318827	0.7669444015936254
GO:0097227	sperm annulus	0.0003657031	13.91537	28	2.012164	0.0007358545	0.0005788321	0.0025131202733668	6	3.943122	5	1.268031	0.0004051864	0.8333333	0.3326729	0.7304431654383736
GO:0070618	Grb2-Sos complex	4.882023e-05	1.857659	8	4.306496	0.0002102441	0.0006870506	0.0029532921313432	1	0.657187	1	1.521637	8.103728e-05	1.0	0.657187	0.8726363065648856
GO:0048179	activin receptor complex	0.0001785395	6.793605	17	2.502353	0.0004467688	0.0006952874	0.0029812819533498	3	1.971561	3	1.521637	0.0002431118	1.0	0.2838119	0.6654368564450475
GO:0097427	microtubule bundle	0.0003194696	12.15614	25	2.056574	0.000657013	0.0008168375	0.0034938	6	3.943122	4	1.014425	0.0003241491	0.6666667	0.6615472	0.8726363065648856
GO:0002193	MAML1-RBP-Jkappa- ICN1 complex	0.0002840698	10.80914	23	2.127829	0.0006044519	0.0008308237	0.0035448477866666	3	1.971561	3	1.521637	0.0002431118	1.0	0.2838119	0.6654368564450475
GO:0097524	sperm plasma membrane	0.0002163319	8.231646	19	2.308165	0.0004993298	0.0009019677	0.0038200984941176	7	4.600309	2	0.4347534	0.0001620746	0.2857143	0.9919871	1.0
GO:0032798	Swi5-Sfr1 complex	6.357067e-05	2.418927	9	3.720657	0.0002365247	0.0009094422	0.0038423377056234	2	1.314374	2	1.521637	0.0001620746	1.0	0.4318827	0.7669444015936254
GO:0098574	cytoplasmic side of lysosomal membrane	0.0002510461	9.552555	21	2.198365	0.0005518909	0.0009176222	0.003863490569343	6	3.943122	5	1.268031	0.0004051864	0.8333333	0.3326729	0.7304431654383736
GO:0033593	BRCA2-MAGE-D1 complex	7.741222e-05	2.945612	10	3.39488	0.0002628052	0.0009628211	0.0040090478573493	1	0.657187	1	1.521637	8.103728e-05	1.0	0.657187	0.8726363065648856
GO:0070765	gamma-secretase complex	0.0001857336	7.067348	17	2.405428	0.0004467688	0.001058744	0.004387313266187	7	4.600309	7	1.521637	0.0005672609	1.0	0.05291383	0.2374937616623376
GO:0005862	muscle thin filament tropomyosin	0.0002753034	10.47557	22	2.100125	0.0005781714	0.001247918	0.005085854490566	4	2.628748	4	1.521637	0.0003241491	1.0	0.186502	0.5490212197614992
GO:0032044	DSIF complex	4.160364e-05	1.58306	7	4.421816	0.0001839636	0.001257491	0.0051093187605633	2	1.314374	2	1.521637	0.0001620746	1.0	0.4318827	0.7669444015936254
GO:0000015	phosphopyruvate hydratase complex	0.0001400083	5.327456	14	2.627896	0.0003679273	0.001259589	0.0051093187605633	4	2.628748	4	1.521637	0.0003241491	1.0	0.186502	0.5490212197614992
GO:0071595	Nem1-Spo7 phosphatase complex	8.109847e-05	3.085878	10	3.240569	0.0002628052	0.001354423	0.005468324635514	2	1.314374	2	1.521637	0.0001620746	1.0	0.4318827	0.7669444015936254
GO:0033565	ESCRT-0 complex	0.0001259703	4.793297	13	2.71212	0.0003416467	0.001403303	0.0056262356937354	3	1.971561	3	1.521637	0.0002431118	1.0	0.2838119	0.6654368564450475
GO:0008541	proteasome regulatory particle, lid subcomplex	0.0002609502	9.929415	21	2.114928	0.0005518909	0.001458823	0.0058084012534562	7	4.600309	7	1.521637	0.0005672609	1.0	0.05291383	0.2374937616623376
GO:1990130	Iml1 complex	0.0001753252999999	6.671305	16	2.398331	0.0004204883	0.001502415	0.0059273358904109	5	3.285935	5	1.521637	0.0004051864	1.0	0.122553	0.4269588387096774
GO:0005596	collagen type XIV trimer	0.0001925703	7.327491	17	2.32003	0.0004467688	0.001542496	0.0060716015671981	1	0.657187	1	1.521637	8.103728e-05	1.0	0.657187	0.8726363065648856
GO:0035525	NF-kappaB p50/p65 complex	2.243713e-05	0.8537551	5	5.85648	0.0001314026	0.001869466	0.0072107974285714	1	0.657187	1	1.521637	8.103728e-05	1.0	0.657187	0.8726363065648856
GO:0097135	cyclin E2-CDK2 complex	4.471392e-05	1.701409	7	4.114236	0.0001839636	0.001883134	0.0072473397594654	2	1.314374	2	1.521637	0.0001620746	1.0	0.4318827	0.7669444015936254
GO:0097059	CNTFR-CLCF1 complex	3.311359e-05	1.260005	6	4.761884	0.0001576831	0.001911623	0.0073365899068736	2	1.314374	2	1.521637	0.0001620746	1.0	0.4318827	0.7669444015936254
GO:0035189	Rb-E2F complex	0.0001154702	4.393757	12	2.731148	0.0003153662	0.001983299	0.007515659368421	3	1.971561	3	1.521637	0.0002431118	1.0	0.2838119	0.6654368564450475
GO:0000172	ribonuclease MRP complex	0.0001837099	6.990344	16	2.288872	0.0004204883	0.002372381	0.0088925691279826	6	3.943122	5	1.268031	0.0004051864	0.8333333	0.3326729	0.7304431654383736
GO:1990357	terminal web	7.367866e-05	2.803547	9	3.21022	0.0002365247	0.002451962	0.0091494225579399	3	1.971561	3	1.521637	0.0002431118	1.0	0.2838119	0.6654368564450475
GO:0072589	box H/ACA scaRNP complex	4.694085e-05	1.786146	7	3.919052	0.0001839636	0.002462261	0.0091494225579399	4	2.628748	3	1.141228	0.0002431118	0.75	0.5757419	0.8726363065648856
GO:0090661	box H/ACA telomerase RNP complex	4.694085e-05	1.786146	7	3.919052	0.0001839636	0.002462261	0.0091494225579399	4	2.628748	3	1.141228	0.0002431118	0.75	0.5757419	0.8726363065648856
GO:0071159	NF-kappaB complex	4.726083e-05	1.798322	7	3.892518	0.0001839636	0.0025556	0.0094159420042643	2	1.314374	2	1.521637	0.0001620746	1.0	0.4318827	0.7669444015936254
GO:0005940	septin ring	6.119123e-05	2.328388	8	3.435854	0.0002102441	0.002785739	0.0102202908535031	1	0.657187	1	1.521637	8.103728e-05	1.0	0.657187	0.8726363065648856
GO:0032173	septin collar	6.119123e-05	2.328388	8	3.435854	0.0002102441	0.002785739	0.0102202908535031	1	0.657187	1	1.521637	8.103728e-05	1.0	0.657187	0.8726363065648856
GO:0005853	eukaryotic translation elongation factor 1 complex	0.0001055991	4.018153	11	2.737576	0.0002890857	0.002935437	0.0107048907341772	4	2.628748	3	1.141228	0.0002431118	0.75	0.5757419	0.8726363065648856
GO:0097226	sperm mitochondrial sheath	3.661534e-05	1.39325	6	4.306476	0.0001576831	0.003126479	0.0113499069579831	1	0.657187	1	1.521637	8.103728e-05	1.0	0.657187	0.8726363065648856
GO:0005715	late recombination nodule	6.305427e-05	2.399278	8	3.334336	0.0002102441	0.003331466	0.0120434586778242	1	0.657187	1	1.521637	8.103728e-05	1.0	0.657187	0.8726363065648856
GO:0036501	UFD1-NPL4 complex	3.940258e-05	1.499308	6	4.001847	0.0001576831	0.004445239	0.0155808782799188	2	1.314374	2	1.521637	0.0001620746	1.0	0.4318827	0.7669444015936254
GO:0031515	tRNA (m1A) methyltransferase complex	5.265285e-05	2.003494	7	3.493897	0.0001839636	0.004574706	0.0158943552384769	3	1.971561	3	1.521637	0.0002431118	1.0	0.2838119	0.6654368564450475
GO:0097165	nuclear stress granule	0.0001793949	6.826155	15	2.19743	0.0003942078	0.004582919	0.0158943552384769	5	3.285935	5	1.521637	0.0004051864	1.0	0.122553	0.4269588387096774
GO:0017102	methionyl glutamyl tRNA synthetase complex	0.0001622763	6.174774	14	2.26729	0.0003679273	0.004630981	0.016004670336	2	1.314374	2	1.521637	0.0001620746	1.0	0.4318827	0.7669444015936254
GO:0005965	protein farnesyltransferase complex	0.0001168172	4.445011	11	2.474685	0.0002890857	0.006111275	0.020625553125	3	1.971561	2	1.014425	0.0001620746	0.6666667	0.7280243	0.9216307621978022
GO:0042565	RNA nuclear export complex	5.593742e-05	2.128475	7	3.28874	0.0001839636	0.006286914	0.0211357731361867	2	1.314374	2	1.521637	0.0001620746	1.0	0.4318827	0.7669444015936254
GO:0043614	multi-eIF complex	8.606804e-05	3.274975	9	2.748112	0.0002365247	0.006593031	0.0221218593553398	2	1.314374	2	1.521637	0.0001620746	1.0	0.4318827	0.7669444015936254
GO:0075341	host cell PML body	5.66601e-05	2.155973	7	3.246793	0.0001839636	0.00672017	0.0224320787027027	1	0.657187	1	1.521637	8.103728e-05	1.0	0.657187	0.8726363065648856
GO:0044611	nuclear pore inner ring	0.0001187085	4.516976	11	2.435257	0.0002890857	0.006844014	0.022787006150289	3	1.971561	3	1.521637	0.0002431118	1.0	0.2838119	0.6654368564450475
GO:0010009	cytoplasmic side of endosome membrane	0.0002070198	7.87731	16	2.03115	0.0004204883	0.007175624	0.0237993824798464	5	3.285935	4	1.21731	0.0003241491	0.8	0.4422977	0.7669444015936254
GO:0098577	inactive sex chromosome	4.365798e-05	1.66123	6	3.611782	0.0001576831	0.007191051	0.0238048584827586	1	0.657187	1	1.521637	8.103728e-05	1.0	0.657187	0.8726363065648856
GO:0030981	cortical microtubule cytoskeleton	0.0001902708	7.239996	15	2.071824	0.0003942078	0.007630214	0.0251143043657142	3	1.971561	3	1.521637	0.0002431118	1.0	0.2838119	0.6654368564450475
GO:0000799	nuclear condensin complex	0.0001208108	4.596972	11	2.392879	0.0002890857	0.007737194	0.025369774633776	3	1.971561	3	1.521637	0.0002431118	1.0	0.2838119	0.6654368564450475
GO:0005846	nuclear cap binding complex	0.0001065815	4.055534	10	2.465766	0.0002628052	0.008889175	0.0287112044859813	3	1.971561	3	1.521637	0.0002431118	1.0	0.2838119	0.6654368564450475
GO:0002947	tumor necrosis factor receptor superfamily complex	4.598363e-05	1.749723	6	3.429114	0.0001576831	0.009125212	0.0294185939104477	1	0.657187	1	1.521637	8.103728e-05	1.0	0.657187	0.8726363065648856
GO:0097129	cyclin D2-CDK4 complex	0.0001592443	6.059403	13	2.145426	0.0003416467	0.00951112	0.0304920507606679	3	1.971561	3	1.521637	0.0002431118	1.0	0.2838119	0.6654368564450475
GO:0031417	NatC complex	0.0001964369	7.474622	15	2.006791	0.0003942078	0.0099696	0.03190272	3	1.971561	3	1.521637	0.0002431118	1.0	0.2838119	0.6654368564450475
GO:0031074	nucleocytoplasmic shuttling complex	7.654861e-05	2.912751	8	2.746544	0.0002102441	0.01012382	0.0322766807380073	3	1.971561	3	1.521637	0.0002431118	1.0	0.2838119	0.6654368564450475
GO:0000120	RNA polymerase I transcription factor complex	0.0001606859	6.114258	13	2.126178	0.0003416467	0.01018399	0.032408719558011	5	3.285935	3	0.9129822	0.0002431118	0.6	0.7759082	0.9666686154289834
GO:0009368	endopeptidase Clp complex	3.41954e-05	1.301169	5	3.842698	0.0001314026	0.0106995	0.0338002486288848	2	1.314374	2	1.521637	0.0001620746	1.0	0.4318827	0.7669444015936254
GO:0043259	laminin-10 complex	0.0001835897	6.985772	14	2.004073	0.0003679273	0.01260301	0.0393104716245487	3	1.971561	3	1.521637	0.0002431118	1.0	0.2838119	0.6654368564450475
GO:0005956	protein kinase CK2 complex	5.03272e-05	1.915	6	3.133159	0.0001576831	0.01368536	0.0422291108571428	2	1.314374	1	0.7608185	8.103728e-05	0.5	0.8824912	1.0
GO:1902636	kinociliary basal body	8.161146e-05	3.105398	8	2.57616	0.0002102441	0.01434177	0.0439407421276595	2	1.314374	2	1.521637	0.0001620746	1.0	0.4318827	0.7669444015936254
GO:0032783	ELL-EAF complex	5.092427e-05	1.93772	6	3.096423	0.0001576831	0.0144169	0.0440927490265486	2	1.314374	2	1.521637	0.0001620746	1.0	0.4318827	0.7669444015936254
GO:0014802	terminal cisterna	0.0001157177	4.403173	10	2.271089	0.0002628052	0.01495083	0.0455644342857142	4	2.628748	4	1.521637	0.0003241491	1.0	0.186502	0.5490212197614992
GO:0034365	discoidal high-density lipoprotein particle	9.968527e-05	3.793124	9	2.372714	0.0002365247	0.01581424	0.0481109273239436	3	1.971561	2	1.014425	0.0001620746	0.6666667	0.7280243	0.9216307621978022
GO:0005873	plus-end kinesin complex	0.0001531738	5.828417	12	2.058878	0.0003153662	0.0164876	0.0499834610526315	3	1.971561	2	1.014425	0.0001620746	0.6666667	0.7280243	0.9216307621978022
GO:0070176	DRM complex	5.265251e-05	2.003481	6	2.994788	0.0001576831	0.01668669	0.0504101404195804	1	0.657187	1	1.521637	8.103728e-05	1.0	0.657187	0.8726363065648856
GO:0030312	external encapsulating structure	3.935254e-05	1.497404	5	3.339113	0.0001314026	0.01845168	0.0552591040554592	2	1.314374	1	0.7608185	8.103728e-05	0.5	0.8824912	1.0
GO:0031251	PAN complex	0.0001381759	5.257731	11	2.092157	0.0002890857	0.01899415	0.0567852788927335	2	1.314374	2	1.521637	0.0001620746	1.0	0.4318827	0.7669444015936254
GO:0061673	mitotic spindle astral microtubule	0.0001207567	4.594913	10	2.17632	0.0002628052	0.0193907499999999	0.0577710620689655	3	1.971561	3	1.521637	0.0002431118	1.0	0.2838119	0.6654368564450475
GO:0031533	mRNA cap methyltransferase complex	7.014763e-05	2.669188	7	2.622521	0.0001839636	0.01947201	0.0579133102925989	2	1.314374	2	1.521637	0.0001620746	1.0	0.4318827	0.7669444015936254
GO:0033106	cis-Golgi network membrane	4.048064e-05	1.540329	5	3.24606	0.0001314026	0.02053587	0.06024784950764	1	0.657187	1	1.521637	8.103728e-05	1.0	0.657187	0.8726363065648856
GO:0005760	gamma DNA polymerase complex	0.0001242247	4.726876	10	2.115562	0.0002628052	0.0229614	0.0663499986622073	2	1.314374	2	1.521637	0.0001620746	1.0	0.4318827	0.7669444015936254
GO:0005656	nuclear pre-replicative complex	5.711829e-05	2.173408	6	2.760641	0.0001576831	0.02366194	0.0681463871999999	2	1.314374	1	0.7608185	8.103728e-05	0.5	0.8824912	1.0
GO:0071821	FANCM-MHF complex	7.333178e-05	2.790348	7	2.508648	0.0001839636	0.0240152	0.0690043502990033	3	1.971561	3	1.521637	0.0002431118	1.0	0.2838119	0.6654368564450475
GO:0000229	cytoplasmic chromosome	5.741852e-05	2.184832	6	2.746206	0.0001576831	0.02419115	0.0693238925373134	2	1.314374	2	1.521637	0.0001620746	1.0	0.4318827	0.7669444015936254
GO:0034657	GID complex	7.455554e-05	2.836913	7	2.467471	0.0001839636	0.02593983	0.07396704	3	1.971561	2	1.014425	0.0001620746	0.6666667	0.7280243	0.9216307621978022
GO:0016222	procollagen-proline 4-dioxygenase complex	5.990314e-05	2.279374	6	2.632301	0.0001576831	0.02887567	0.0812658169756097	2	1.314374	2	1.521637	0.0001620746	1.0	0.4318827	0.7669444015936254
GO:0097134	cyclin E1-CDK2 complex	7.639918e-05	2.907065	7	2.407927	0.0001839636	0.02903368	0.0814451283116883	2	1.314374	2	1.521637	0.0001620746	1.0	0.4318827	0.7669444015936254
GO:1902773	GTPase activator complex	6.026193e-05	2.293027	6	2.616629	0.0001576831	0.02959788	0.0824921558709677	1	0.657187	1	1.521637	8.103728e-05	1.0	0.657187	0.8726363065648856
GO:1990030	pericellular basket	7.702688e-05	2.93095	7	2.388304	0.0001839636	0.03014144	0.0838718330434782	1	0.657187	1	1.521637	8.103728e-05	1.0	0.657187	0.8726363065648856
GO:0031315	extrinsic component of mitochondrial outer membrane	4.498522e-05	1.711733	5	2.921017	0.0001314026	0.03036332	0.084107243076923	2	1.314374	1	0.7608185	8.103728e-05	0.5	0.8824912	1.0
GO:0034693	U11/U12 snRNP	4.519083e-05	1.719556	5	2.907727	0.0001314026	0.03087121	0.085352721408	1	0.657187	1	1.521637	8.103728e-05	1.0	0.657187	0.8726363065648856
GO:0071540	eukaryotic translation initiation factor 3 complex, eIF3e	4.559795e-05	1.735048	5	2.881765	0.0001314026	0.03189254	0.0880356375718849	1	0.657187	1	1.521637	8.103728e-05	1.0	0.657187	0.8726363065648856
GO:0031477	myosin VII complex	6.215084e-05	2.364901	6	2.537104	0.0001576831	0.03359501	0.0920002809508716	1	0.657187	1	1.521637	8.103728e-05	1.0	0.657187	0.8726363065648856
GO:1990435	upper tip-link density	6.215084e-05	2.364901	6	2.537104	0.0001576831	0.03359501	0.0920002809508716	1	0.657187	1	1.521637	8.103728e-05	1.0	0.657187	0.8726363065648856
GO:0032133	chromosome passenger complex	8.16244e-05	3.10589	7	2.253782	0.0001839636	0.03912557	0.1054742355070202	5	3.285935	2	0.6086548	0.0001620746	0.4	0.9499059	1.0
GO:0070993	translation preinitiation complex	6.567437e-05	2.498975	6	2.400984	0.0001576831	0.04194715	0.1116867106317411	2	1.314374	2	1.521637	0.0001620746	1.0	0.4318827	0.7669444015936254
GO:0031838	haptoglobin-hemoglobin complex	4.982715e-05	1.895973	5	2.637169	0.0001314026	0.04375082	0.1154220106259542	4	2.628748	1	0.3804092	8.103728e-05	0.25	0.9861973	1.0
GO:1990072	TRAPPIII protein complex	8.424722e-05	3.205691	7	2.183617	0.0001839636	0.04495871	0.1180678584802431	1	0.657187	1	1.521637	8.103728e-05	1.0	0.657187	0.8726363065648856
GO:0090498	extrinsic component of Golgi membrane	6.780258e-05	2.579956	6	2.325621	0.0001576831	0.04757084	0.1239855377375565	3	1.971561	2	1.014425	0.0001620746	0.6666667	0.7280243	0.9216307621978022
